{
    "concurrency": 512,
    "total_requests_sent": 503,
    "successful_requests": 503,
    "failed_requests": 0,
    "response_rate": 1.0,
    "test_duration_seconds": 187.04670691490173,
    "system_output_throughput": 2483.1017218138336,
    "requests_per_second": 2.6891678998061352,
    "median_end_to_end_latency": 11231.809377670288,
    "average_latency_per_request": 11462.314260171848,
    "p95_end_to_end_latency": 15469.02437210083,
    "p99_end_to_end_latency": 15649.61211681366,
    "median_ttft": 91.19725227355957,
    "average_ttft": 97.2901860003917,
    "p95_ttft": 129.13537025451657,
    "p99_ttft": 148.6146974563599,
    "median_output_speed_per_query": 88.52500463224648,
    "average_output_speed_per_query": 82.7699164592211,
    "peak_memory_gb": 163.0203857421875,
    "average_memory_gb": 163.02032498829925,
    "gpu_info": {
        "model": "NVIDIA B200",
        "memory": "183359MB",
        "count": 1
    },
    "model": "openai/gpt-oss-20b",
    "test_config": {
        "input_tokens": 1000,
        "output_tokens": 1000,
        "phase_duration": 180,
        "request_timeout": 30
    },
    "error_summary": {
        "timeout_errors": 0,
        "other_errors": 0
    }
}