{
    "concurrency": 256,
    "total_requests_sent": 495,
    "successful_requests": 495,
    "failed_requests": 0,
    "response_rate": 1.0,
    "test_duration_seconds": 188.0742826461792,
    "system_output_throughput": 2471.9541314142816,
    "requests_per_second": 2.6319387905428555,
    "median_end_to_end_latency": 11245.861053466797,
    "average_latency_per_request": 11602.970147855354,
    "p95_end_to_end_latency": 15291.087985038757,
    "p99_end_to_end_latency": 15568.838348388672,
    "median_ttft": 92.437744140625,
    "average_ttft": 96.80526376974703,
    "p95_ttft": 122.6475477218628,
    "p99_ttft": 148.9892292022705,
    "median_output_speed_per_query": 88.53181614507452,
    "average_output_speed_per_query": 83.06639063947325,
    "peak_memory_gb": 163.02032470703125,
    "average_memory_gb": 163.02032470703125,
    "gpu_info": {
        "model": "NVIDIA B200",
        "memory": "183359MB",
        "count": 1
    },
    "model": "openai/gpt-oss-20b",
    "test_config": {
        "input_tokens": 1000,
        "output_tokens": 1000,
        "phase_duration": 180,
        "request_timeout": 30
    },
    "error_summary": {
        "timeout_errors": 0,
        "other_errors": 0
    }
}