{
    "concurrency": 8,
    "total_requests_sent": 200,
    "successful_requests": 200,
    "failed_requests": 0,
    "response_rate": 1.0,
    "test_duration_seconds": 211.8373680114746,
    "system_output_throughput": 895.1914470053651,
    "requests_per_second": 0.9441204914761148,
    "median_end_to_end_latency": 8777.997851371765,
    "average_latency_per_request": 8573.544363975525,
    "p95_end_to_end_latency": 9443.375265598297,
    "p99_end_to_end_latency": 9747.105515003204,
    "median_ttft": 88.82367610931396,
    "average_ttft": 129.27446722984314,
    "p95_ttft": 693.2105183601378,
    "p99_ttft": 722.4346303939816,
    "median_output_speed_per_query": 113.6758181318453,
    "average_output_speed_per_query": 112.44708540760219,
    "peak_memory_gb": 74.291015625,
    "average_memory_gb": 74.291015625,
    "gpu_info": {
        "model": "NVIDIA H100 PCIe",
        "memory": "81559MB",
        "count": 1
    },
    "model": "openai/gpt-oss-20b",
    "test_config": {
        "input_tokens": 1000,
        "output_tokens": 1000,
        "phase_duration": 180,
        "request_timeout": 30
    },
    "error_summary": {
        "timeout_errors": 0,
        "other_errors": 0
    }
}