{
    "concurrency": 1,
    "total_requests_sent": 46,
    "successful_requests": 46,
    "failed_requests": 0,
    "response_rate": 1.0,
    "test_duration_seconds": 193.27931594848633,
    "system_output_throughput": 221.20318353876516,
    "requests_per_second": 0.23799753105635021,
    "median_end_to_end_latency": 4513.386487960815,
    "average_latency_per_request": 4248.6356185830155,
    "p95_end_to_end_latency": 4534.674048423767,
    "p99_end_to_end_latency": 4554.517579078674,
    "median_ttft": 38.999080657958984,
    "average_ttft": 38.91505365786345,
    "p95_ttft": 40.223896503448486,
    "p99_ttft": 40.26910066604614,
    "median_output_speed_per_query": 220.78822550910246,
    "average_output_speed_per_query": 220.76089939260999,
    "peak_memory_gb": 129.06658935546875,
    "average_memory_gb": 129.06656308024452,
    "gpu_info": {
        "model": "NVIDIA H200",
        "memory": "143771MB",
        "count": 1
    },
    "model": "openai/gpt-oss-20b",
    "test_config": {
        "input_tokens": 1000,
        "output_tokens": 1000,
        "phase_duration": 180,
        "request_timeout": 30
    },
    "error_summary": {
        "timeout_errors": 0,
        "other_errors": 0
    }
}