{
    "concurrency": 32,
    "total_requests_sent": 391,
    "successful_requests": 391,
    "failed_requests": 0,
    "response_rate": 1.0,
    "test_duration_seconds": 186.19811367988586,
    "system_output_throughput": 1981.5990221809543,
    "requests_per_second": 2.0999138620287643,
    "median_end_to_end_latency": 9638.946771621704,
    "average_latency_per_request": 9205.100193657838,
    "p95_end_to_end_latency": 10002.282738685608,
    "p99_end_to_end_latency": 10095.635652542114,
    "median_ttft": 72.19386100769043,
    "average_ttft": 73.57201551842263,
    "p95_ttft": 81.2762975692749,
    "p99_ttft": 94.57213878631596,
    "median_output_speed_per_query": 103.00310245636705,
    "average_output_speed_per_query": 103.44858011117178,
    "peak_memory_gb": 129.06658935546875,
    "average_memory_gb": 129.06658935546875,
    "gpu_info": {
        "model": "NVIDIA H200",
        "memory": "143771MB",
        "count": 1
    },
    "model": "openai/gpt-oss-20b",
    "test_config": {
        "input_tokens": 1000,
        "output_tokens": 1000,
        "phase_duration": 180,
        "request_timeout": 30
    },
    "error_summary": {
        "timeout_errors": 0,
        "other_errors": 0
    }
}