{
    "concurrency": 64,
    "total_requests_sent": 423,
    "successful_requests": 423,
    "failed_requests": 0,
    "response_rate": 1.0,
    "test_duration_seconds": 186.6149661540985,
    "system_output_throughput": 2105.854680891408,
    "requests_per_second": 2.2666992295285953,
    "median_end_to_end_latency": 9358.787059783936,
    "average_latency_per_request": 9169.379608569134,
    "p95_end_to_end_latency": 11969.72382068634,
    "p99_end_to_end_latency": 12214.618253707886,
    "median_ttft": 71.10428810119629,
    "average_ttft": 77.64469196328598,
    "p95_ttft": 112.83135414123535,
    "p99_ttft": 145.9378433227539,
    "median_output_speed_per_query": 105.86135005389357,
    "average_output_speed_per_query": 103.02824426860926,
    "peak_memory_gb": 129.06658935546875,
    "average_memory_gb": 129.06658935546875,
    "gpu_info": {
        "model": "NVIDIA H200",
        "memory": "143771MB",
        "count": 1
    },
    "model": "openai/gpt-oss-20b",
    "test_config": {
        "input_tokens": 1000,
        "output_tokens": 1000,
        "phase_duration": 180,
        "request_timeout": 30
    },
    "error_summary": {
        "timeout_errors": 0,
        "other_errors": 0
    }
}