{
    "concurrency": 8,
    "total_requests_sent": 276,
    "successful_requests": 276,
    "failed_requests": 0,
    "response_rate": 1.0,
    "test_duration_seconds": 203.25041961669922,
    "system_output_throughput": 1274.270431954969,
    "requests_per_second": 1.357930775840443,
    "median_end_to_end_latency": 6152.241945266724,
    "average_latency_per_request": 5929.465500340945,
    "p95_end_to_end_latency": 6701.033711433411,
    "p99_end_to_end_latency": 6730.387568473816,
    "median_ttft": 57.90579319000244,
    "average_ttft": 86.41936036123745,
    "p95_ttft": 213.64974975585938,
    "p99_ttft": 603.9167046546936,
    "median_output_speed_per_query": 162.05753411348525,
    "average_output_speed_per_query": 160.7582145622012,
    "peak_memory_gb": 129.06658935546875,
    "average_memory_gb": 129.06658935546875,
    "gpu_info": {
        "model": "NVIDIA H200",
        "memory": "143771MB",
        "count": 1
    },
    "model": "openai/gpt-oss-20b",
    "test_config": {
        "input_tokens": 1000,
        "output_tokens": 1000,
        "phase_duration": 180,
        "request_timeout": 30
    },
    "error_summary": {
        "timeout_errors": 0,
        "other_errors": 0
    }
}