{
    "concurrency": 4,
    "total_requests_sent": 155,
    "successful_requests": 155,
    "failed_requests": 0,
    "response_rate": 1.0,
    "test_duration_seconds": 198.97492051124573,
    "system_output_throughput": 733.0471580299304,
    "requests_per_second": 0.7789926469212468,
    "median_end_to_end_latency": 5402.105808258057,
    "average_latency_per_request": 5178.101850325062,
    "p95_end_to_end_latency": 5497.086024284363,
    "p99_end_to_end_latency": 6534.640169143677,
    "median_ttft": 53.481340408325195,
    "average_ttft": 69.87847051312846,
    "p95_ttft": 57.46450424194334,
    "p99_ttft": 722.3678255081254,
    "median_output_speed_per_query": 184.750733792689,
    "average_output_speed_per_query": 184.3427964618983,
    "peak_memory_gb": 129.06658935546875,
    "average_memory_gb": 129.06658935546875,
    "gpu_info": {
        "model": "NVIDIA H200",
        "memory": "143771MB",
        "count": 1
    },
    "model": "openai/gpt-oss-20b",
    "test_config": {
        "input_tokens": 1000,
        "output_tokens": 1000,
        "phase_duration": 180,
        "request_timeout": 30
    },
    "error_summary": {
        "timeout_errors": 0,
        "other_errors": 0
    }
}