{
    "concurrency": 256,
    "total_requests_sent": 467,
    "successful_requests": 467,
    "failed_requests": 0,
    "response_rate": 1.0,
    "test_duration_seconds": 186.82829689979553,
    "system_output_throughput": 2337.306538924393,
    "requests_per_second": 2.499621351526173,
    "median_end_to_end_latency": 9395.77031135559,
    "average_latency_per_request": 9887.083368076757,
    "p95_end_to_end_latency": 14687.696957588196,
    "p99_end_to_end_latency": 15204.542455673218,
    "median_ttft": 72.22151756286621,
    "average_ttft": 133.2316378199314,
    "p95_ttft": 341.355037689209,
    "p99_ttft": 412.3546028137207,
    "median_output_speed_per_query": 105.82742317877617,
    "average_output_speed_per_query": 98.59506475747813,
    "peak_memory_gb": 129.06658935546875,
    "average_memory_gb": 129.06658935546875,
    "gpu_info": {
        "model": "NVIDIA H200",
        "memory": "143771MB",
        "count": 1
    },
    "model": "openai/gpt-oss-20b",
    "test_config": {
        "input_tokens": 1000,
        "output_tokens": 1000,
        "phase_duration": 180,
        "request_timeout": 30
    },
    "error_summary": {
        "timeout_errors": 0,
        "other_errors": 0
    }
}