{
    "concurrency": 1024,
    "total_requests_sent": 471,
    "successful_requests": 471,
    "failed_requests": 0,
    "response_rate": 1.0,
    "test_duration_seconds": 186.09052729606628,
    "system_output_throughput": 2380.0351712441106,
    "requests_per_second": 2.531026199150097,
    "median_end_to_end_latency": 9381.677150726318,
    "average_latency_per_request": 10016.802528101927,
    "p95_end_to_end_latency": 14822.083592414856,
    "p99_end_to_end_latency": 15133.63230228424,
    "median_ttft": 71.8381404876709,
    "average_ttft": 131.12725371261564,
    "p95_ttft": 335.1508378982544,
    "p99_ttft": 371.27928733825684,
    "median_output_speed_per_query": 105.88789378380288,
    "average_output_speed_per_query": 98.16673978347723,
    "peak_memory_gb": 129.06658935546875,
    "average_memory_gb": 129.06658935546875,
    "gpu_info": {
        "model": "NVIDIA H200",
        "memory": "143771MB",
        "count": 1
    },
    "model": "openai/gpt-oss-20b",
    "test_config": {
        "input_tokens": 1000,
        "output_tokens": 1000,
        "phase_duration": 180,
        "request_timeout": 30
    },
    "error_summary": {
        "timeout_errors": 0,
        "other_errors": 0
    }
}