{
    "concurrency": 128,
    "total_requests_sent": 487,
    "successful_requests": 487,
    "failed_requests": 0,
    "response_rate": 1.0,
    "test_duration_seconds": 186.39088773727417,
    "system_output_throughput": 2466.6549184960904,
    "requests_per_second": 2.6127886717640783,
    "median_end_to_end_latency": 9445.083379745483,
    "average_latency_per_request": 11455.277441463431,
    "p95_end_to_end_latency": 23724.32310581207,
    "p99_end_to_end_latency": 24611.741161346436,
    "median_ttft": 72.04222679138184,
    "average_ttft": 406.50958202213235,
    "p95_ttft": 2920.138406753539,
    "p99_ttft": 3493.971624374388,
    "median_output_speed_per_query": 105.19145217146702,
    "average_output_speed_per_query": 93.48587760575035,
    "peak_memory_gb": 129.06658935546875,
    "average_memory_gb": 129.06658935546875,
    "gpu_info": {
        "model": "NVIDIA H200",
        "memory": "143771MB",
        "count": 1
    },
    "model": "openai/gpt-oss-20b",
    "test_config": {
        "input_tokens": 1000,
        "output_tokens": 1000,
        "phase_duration": 180,
        "request_timeout": 30
    },
    "error_summary": {
        "timeout_errors": 0,
        "other_errors": 0
    }
}